id,youtube_url,lang,audience,title
add-users-cs,https://www.youtube.com/watch?v=Bgq7l81i5_o,cs,admin,"Přidejte uživatele do systému"
add-users-en,https://www.youtube.com/watch?v=8kM2CdCHjm8,en,admin,"Add Users to the System"
user-folders-cs,https://www.youtube.com/watch?v=pqELX50ERKc,cs,admin,"Práce s uživatelskými složkami"
user-folders-en,https://www.youtube.com/watch?v=UlrBaes8O_Q,en,admin,"Work With the User Folders"
org-chart-cs,https://www.youtube.com/watch?v=NNtvzKEEN7U,cs,admin,"Vytvořte organizační schéma"
org-chart-en,https://www.youtube.com/watch?v=Ug8gJLC6yQ0,en,admin,"Create an Org Chart"
collect-data-cs,https://www.youtube.com/watch?v=SJAnTZUJFik,cs,admin,"Sesbírejte data od nových kolegů"
collect-data-en,https://www.youtube.com/watch?v=eXWpo3T8qgY,en,admin,"Collect Data From New Colleagues"
onboarding-checklists-cs,https://www.youtube.com/watch?v=6hmAQC_vn5A,cs,admin,"Připravte si checklisty pro nástup"
onboarding-checklists-en,https://www.youtube.com/watch?v=rjNcqgykEwU,en,admin,"Prepare Your Onboarding Checklists"
documents-cs,https://www.youtube.com/watch?v=gynX5OLrssI,cs,admin,"Nahrajte a posílejte dokumenty"
documents-en,https://www.youtube.com/watch?v=RLqstCWSLo8,en,admin,"Upload and Send Documents"
work-assets-cs,https://www.youtube.com/watch?v=-Gi6C6gq9ys,cs,admin,"Evidujte a předávejte pracovní pomůcky"
work-assets-en,https://www.youtube.com/watch?v=aYMZptcgXjM,en,admin,"Store and Hand Over Work Assets"
attendance-modes-cs,https://www.youtube.com/watch?v=1pQ2jsmsAqw,cs,admin,"Negativní vs. aktivní docházka"
working-hours-cs,https://www.youtube.com/watch?v=6YtpAv_9j3o,cs,admin,"Vytvořte a přiřaďte pracovní doby"
working-hours-en,https://www.youtube.com/watch?v=TxnbRj6f_lA,en,admin,"Create & Assign Working Hours"
absences-cs,https://www.youtube.com/watch?v=dEb04tZJdSU,cs,admin,"Nastavte a spravujte absence"
absences-en,https://www.youtube.com/watch?v=seFGm7jNukk,en,admin,"Absence Management"
clockins-vs-tracking-cs,https://www.youtube.com/watch?v=CLJYSWB0mgA,cs,admin,"Příchody/odchody vs. timetracking a aktivity"
clockins-cs,https://www.youtube.com/watch?v=7PdBuipDGlA,cs,admin,"Příchody a odchody (pípačky)"
timetracking-cs,https://www.youtube.com/watch?v=b5OGymENvi0,cs,admin,"Timetracking a aktivity (projekty)"
timetracking-en,https://www.youtube.com/watch?v=UOjneYdKmZI,en,admin,"Activities & Timetracking"
ats-setup-cs,https://www.youtube.com/watch?v=ElSvf6vHocw,cs,admin,"Přizpůsobte si modul ATS"
ats-setup-en,https://www.youtube.com/watch?v=EN1eyXG4gcI,en,admin,"Set Up the ATS Module"
ats-new-position-cs,https://www.youtube.com/watch?v=Hyh6rNFhgY0,cs,admin,"Otevřete novou pozici"
ats-new-position-en,https://www.youtube.com/watch?v=zSzIps4hclw,en,admin,"Open a New Position"
ats-candidates-cs,https://www.youtube.com/watch?v=rxCrENM7_z8,cs,admin,"Pracujte s kandidáty"
ats-candidates-en,https://www.youtube.com/watch?v=Ho_XHiYOWho,en,admin,"Work with the Candidates"
performance-review-cs,https://www.youtube.com/watch?v=4DMFEvwQe0M,cs,admin,"Hodnocení výkonnosti"
okr-kpi-cs,https://www.youtube.com/watch?v=EIf7hLp4QFY,cs,admin,"OKR a KPI"
okr-kpi-en,https://www.youtube.com/watch?v=RqFu5x5m0T4,en,admin,"OKRs & KPIs"
feedback-360-cs,https://www.youtube.com/watch?v=WoW_oy7vIdQ,cs,admin,"(Nejen 360°) Zpětná vazba"
surveys-cs,https://www.youtube.com/watch?v=zL02jrbVAbU,cs,admin,"Vytvářejte a rozesílejte průzkumy"
surveys-en,https://www.youtube.com/watch?v=ju96sf1IWiQ,en,admin,"Create and Send Out Surveys"
workflows-cs,https://www.youtube.com/watch?v=aUU2IOD3LMk,cs,admin,"Onboardingové a offboardingové workflows"
workflows-en,https://www.youtube.com/watch?v=JMiAzPam8HA,en,admin,"Onboarding & Offboarding workflows"
ai-agent-cs,https://www.youtube.com/watch?v=jgIadzX8gwY,cs,admin,"Využijte naplno svého osobního HR AI agenta"
ai-agent-en,https://www.youtube.com/watch?v=JSN69pXBAdU,en,admin,"Use Your Personal HR AI Agent"
dashboard-cs,https://www.youtube.com/watch?v=G_mvggoF4Hc,cs,admin,"Objevte možnosti hlavní plochy"
dashboard-en,https://www.youtube.com/watch?v=xoXstYjH-Fk,en,admin,"Discover Your Dashboard"
ai-features-cs,https://www.youtube.com/watch?v=tSpu_4DE10w,cs,admin,"Využijte AI naplno"
wiki-cs,https://www.youtube.com/watch?v=fYyyWu2WatI,cs,admin,"Vytvářejte články na Wiki"
wiki-en,https://www.youtube.com/watch?v=gCze8spWq4U,en,admin,"Create Wiki Articles"
trust-box-cs,https://www.youtube.com/watch?v=hIRjvKRRrMc,cs,admin,"Otevřete schránku důvěry"
trust-box-en,https://www.youtube.com/watch?v=IgZJ3iyBu_Y,en,admin,"Open the Trust Box"
